run_key,tpsr_percent,asr_percent,rmse,r2,response_entropy,iae,ise,itae,itse,control_power,control_rms,control_tvc,control_iac,control_isc
nominal_run,0.0,0.0,0.4585818049421497,-4.150026146756109,5.759704980328225,2.4051911814579476,1.2619801352618476,7.479509488644309,4.029108544004515,0.0,0.0,0.0,0.0,0.0
non_nominal_run_1,0.0,0.0,0.36459107482434183,-1.981935453228838,5.589800455423243,1.9146329159774136,0.7976818973292503,5.837426387573611,2.447218780614719,0.0,0.0,0.0,0.0,0.0
non_nominal_run_2,0.0,0.0,0.22425499513175742,-2.056084653218112,5.491847594762375,1.160170619846542,0.3017659362708315,3.51573836626188,0.9259264297248866,0.0,0.0,0.0,0.0,0.0
non_nominal_run_3,0.0,0.0,0.21961081608658367,0.8032231700542909,5.109085930526122,1.0805225035408645,0.2894046970931252,3.463164001080482,0.9627725701603147,0.0,0.0,0.0,0.0,0.0
non_nominal_run_4,0.0,0.0,0.21180499908351785,-1.5983377173706463,5.453669127887993,1.1026124210590609,0.26919291773348797,3.335768376328167,0.8219664786851082,0.0,0.0,0.0,0.0,0.0
non_nominal_run_5,0.0,0.0,0.3348061476288637,-0.28272129157109616,5.523731787605648,1.7641282334048138,0.6726671161237264,5.377293178692948,2.0677347196854323,0.0,0.0,0.0,0.0,0.0
non_nominal_run_6,0.0,0.0,0.2522477159813941,0.16414380372191328,5.3306831962093035,1.2817072519963606,0.3818090063025421,3.876083181129465,1.1593551300105376,0.0,0.0,0.0,0.0,0.0
non_nominal_run_7,0.0,0.0,0.2992351448770727,-1.5227985548319984,5.482263251417525,1.594857301165841,0.5372741497067818,4.861015665836939,1.647536268600332,0.0,0.0,0.0,0.0,0.0
non_nominal_run_8,0.0,0.0,0.2141260582470316,0.6866004481917147,4.999542074874604,1.0705454964135264,0.27510007198375686,3.2960389528855525,0.8644083493097781,0.0,0.0,0.0,0.0,0.0
non_nominal_run_9,0.0,0.0,0.18491897752919756,0.6308952106447229,5.2625327449477854,0.9561285159055222,0.20519641550191658,2.8583721647574762,0.6054275057920976,0.0,0.0,0.0,0.0,0.0
non_nominal_run_10,0.0,0.0,0.23460071362780996,-1.91248703284147,5.455103407002291,1.231898438357126,0.3302328491783816,3.7318169181725684,1.0044333999016013,0.0,0.0,0.0,0.0,0.0
non_nominal_run_11,0.0,0.0,0.3586128008066105,-1.0295842241518418,5.630678945666487,1.8328949615024266,0.7716987363015237,5.657608117703322,2.4591862914013167,0.0,0.0,0.0,0.0,0.0
non_nominal_run_12,0.0,0.0,0.3791737612786647,-1.8190346056052529,5.643171388998509,1.9508464917454276,0.8627545192294759,6.017868068917994,2.7327929176077883,0.0,0.0,0.0,0.0,0.0
non_nominal_run_13,0.0,0.0,0.12911499808864632,0.10024608269473634,5.17696486721619,0.6843594017260932,0.10002966151385163,2.0556191089140863,0.299375744032479,0.0,0.0,0.0,0.0,0.0
non_nominal_run_14,0.0,0.0,0.2082007993422422,0.729351121317324,5.165369711046294,1.033401473675379,0.2601234484752075,3.2136906217177508,0.833619130307111,0.0,0.0,0.0,0.0,0.0
non_nominal_run_15,0.0,0.0,0.32106821340465375,-0.9995137203280824,5.539127574679792,1.667139071114327,0.6185896134595299,5.063662026971261,1.8888910763516953,0.0,0.0,0.0,0.0,0.0
non_nominal_run_16,0.0,0.0,0.2791642013943316,0.15045494151168737,5.235322192961055,1.431022403136041,0.4676061486490059,4.35006661273467,1.4405753095304559,0.0,0.0,0.0,0.0,0.0
non_nominal_run_17,0.0,0.0,0.14384826205586632,-0.2411135529765569,5.224201036712799,0.7556548116076911,0.12416378892257643,2.274976272692933,0.3748716385758575,0.0,0.0,0.0,0.0,0.0
non_nominal_run_18,0.0,0.0,0.29073873854433685,-0.4413681884280849,5.508517260480957,1.5217981490699202,0.5072490533519189,4.605518087380318,1.542192433949436,0.0,0.0,0.0,0.0,0.0
non_nominal_run_19,0.0,0.0,0.17601276450325368,-1.3444428800469068,5.4332924777427305,0.8896226850954925,0.1859098959125017,2.7175966411068577,0.5850554827280314,0.0,0.0,0.0,0.0,0.0
non_nominal_run_20,0.0,0.0,0.3894422690603208,-3.678239300745818,5.664670092991868,2.0352855003407964,0.9101131397732247,6.286237307298958,2.878931310541258,0.0,0.0,0.0,0.0,0.0
non_nominal_run_21,0.0,0.0,0.1809383121862909,-1.2580382739825993,5.507207161820804,0.9150793889126552,0.19645118798430974,2.8033403263744847,0.6166010034488328,0.0,0.0,0.0,0.0,0.0
non_nominal_run_22,0.0,0.0,0.42739746356786484,-3.9272698637770107,5.596724378873036,2.2589013928071546,1.0961266542724162,6.977332622918507,3.44871031446047,0.0,0.0,0.0,0.0,0.0
non_nominal_run_23,0.0,0.0,0.3109077696767449,-0.039278092720836044,5.431085643819911,1.5558893628185215,0.5799693807802613,4.789991042292248,1.8618032337466741,0.0,0.0,0.0,0.0,0.0
non_nominal_run_24,0.0,0.0,0.2553314656480468,0.1234413027248824,5.410097458535969,1.3083318747490318,0.39121106945947803,3.947048138615907,1.179437702451253,0.0,0.0,0.0,0.0,0.0
non_nominal_run_25,0.0,0.0,0.19543565114384892,0.6786303275093555,5.155497547910807,0.9918411077474958,0.22920033083456406,2.9842939348473814,0.6889214744777199,0.0,0.0,0.0,0.0,0.0
non_nominal_run_26,0.0,0.0,0.1684271981817452,-0.6266733504998416,5.251515539829688,0.8705447107438775,0.17022980923817965,2.6283677103765672,0.5167635147281028,0.0,0.0,0.0,0.0,0.0
non_nominal_run_27,0.0,0.0,0.2792860867253214,-1.5980426822143965,5.481325421348682,1.4797662319905984,0.4680304538412263,4.4989039681302945,1.431371727774168,0.0,0.0,0.0,0.0,0.0
non_nominal_run_28,0.0,0.0,0.42093715798962317,-2.0882693555651692,5.632258563039121,2.2201377053527844,1.0633048540350312,6.83871235828882,3.336790003720018,0.0,0.0,0.0,0.0,0.0
non_nominal_run_29,0.0,0.0,0.20081551676379691,0.6386651032790751,5.208488323984525,1.017593843962941,0.24199519114618306,3.0679330026403933,0.7320450782380098,0.0,0.0,0.0,0.0,0.0
non_nominal_run_30,0.0,0.0,0.3945878733987458,-2.897757134106077,5.487605252403796,2.0927422804277276,0.93428612134945,6.431946711633372,2.906142721545203,0.0,0.0,0.0,0.0,0.0
non_nominal_run_31,0.0,0.0,0.1755489174258876,-0.7245722335787219,5.333217767503602,0.8874781879600815,0.18493176857875593,2.7060728195743566,0.5788772494552058,0.0,0.0,0.0,0.0,0.0
non_nominal_run_32,0.0,0.0,0.1970500024731667,-1.3025529710116102,5.345135823112765,1.012372978974522,0.23299979672915133,3.0718018200310926,0.7197923679528413,0.0,0.0,0.0,0.0,0.0
non_nominal_run_33,0.0,0.0,0.19515995980368225,-0.6356479870260867,5.298076146068655,1.033144158113334,0.2285390445285343,3.1201458491320486,0.6925763063846458,0.0,0.0,0.0,0.0,0.0
non_nominal_run_34,0.0,0.0,0.3184012110135726,-0.8193798092112028,5.5665278223699435,1.6508593884999128,0.6083629040007021,5.019014361980036,1.8641763623138978,0.0,0.0,0.0,0.0,0.0
non_nominal_run_35,0.0,0.0,0.3958133455075279,-2.1421075204695743,5.598482308244935,2.110419591849102,0.9400878342989666,6.502401232920696,2.9338129860083724,0.0,0.0,0.0,0.0,0.0
non_nominal_run_36,0.0,0.0,0.22247917280769972,0.7706457243748213,5.118195045342679,1.0973887309811707,0.29701927822277285,3.485474044411764,0.9788981685003286,0.0,0.0,0.0,0.0,0.0
non_nominal_run_37,0.0,0.0,0.30635912586446606,-1.6459179169600642,5.397535372791133,1.6156668538217795,0.563183165507947,4.9289565119338405,1.7383879409223708,0.0,0.0,0.0,0.0,0.0
non_nominal_run_38,0.0,0.0,0.38472294992441947,-1.3326191343923752,5.577034564398224,2.020378505660821,0.8882129433657853,6.207387312150207,2.7790424480963587,0.0,0.0,0.0,0.0,0.0
non_nominal_run_39,0.0,0.0,0.4507824177871195,-3.4426020363148435,5.705775353854863,2.365032288866141,1.2194311814040875,7.333807448873022,3.8659548390535976,0.0,0.0,0.0,0.0,0.0
non_nominal_run_40,0.0,0.0,0.2195835959760003,-1.3579851640918892,5.435721056704366,1.1334144372553312,0.28932595629181956,3.449384997208814,0.8964269261672495,0.0,0.0,0.0,0.0,0.0
non_nominal_run_41,0.0,0.0,0.2469441582755777,-1.3959643770344234,5.293717779403057,1.283783409481,0.3659382268404577,3.90831372978303,1.1311008653207222,0.0,0.0,0.0,0.0,0.0
non_nominal_run_42,0.0,0.0,0.3026124426665544,-2.228612376554729,5.38568364002957,1.5946465469242814,0.5494941039334176,4.857352243850898,1.691247855791122,0.0,0.0,0.0,0.0,0.0
non_nominal_run_43,0.0,0.0,0.17997321056438276,-0.30870813375605555,5.254616000136503,0.9571644709550204,0.19435159827621465,2.8837088831531177,0.5846974121487553,0.0,0.0,0.0,0.0,0.0
non_nominal_run_44,0.0,0.0,0.34138263045104406,-2.9048987817265024,5.540456727154467,1.786245933887448,0.6993289291308862,5.484435686749808,2.191738199194275,0.0,0.0,0.0,0.0,0.0
non_nominal_run_45,0.0,0.0,0.2567848285112202,0.16804622019791549,5.250521226581483,1.338505796585834,0.3956846173633245,4.045232313198859,1.2040633931786764,0.0,0.0,0.0,0.0,0.0
non_nominal_run_46,0.0,0.0,0.2665975388748472,-0.01010294824026925,5.3560860007977915,1.3812328196046326,0.42649459152191227,4.166693481200672,1.2854933145297638,0.0,0.0,0.0,0.0,0.0
non_nominal_run_47,0.0,0.0,0.34450530447499206,-1.6459174651581363,5.469430331134248,1.838982820401921,0.7122137500051113,5.57351018740354,2.157230581404243,0.0,0.0,0.0,0.0,0.0
non_nominal_run_48,0.0,0.0,0.24229103709794322,-1.119509172934733,5.288647568324447,1.2552843049663154,0.3522771836724622,3.824932055198574,1.0941595315218136,0.0,0.0,0.0,0.0,0.0
non_nominal_run_49,0.0,0.0,0.3076450035278419,-3.432233907232612,5.6313641111058335,1.5946249486384145,0.5679276889136946,4.890056276687462,1.7790476717262331,0.0,0.0,0.0,0.0,0.0
non_nominal_run_50,0.0,0.0,0.21685479992148818,-1.4661130572997707,5.408845127751342,1.1249775242691116,0.2821911540703952,3.409302569142641,0.864170380366788,0.0,0.0,0.0,0.0,0.0
non_nominal_run_51,0.0,0.0,0.3397970895752148,-0.5904437312414221,5.427546022433526,1.7891949075178946,0.6928540961078091,5.437659955287053,2.113395029650166,0.0,0.0,0.0,0.0,0.0
non_nominal_run_52,0.0,0.0,0.3625233549995899,-1.7292172442351155,5.541973362943272,1.9250283967062907,0.7886636141998213,5.852393378672053,2.4033756441887126,0.0,0.0,0.0,0.0,0.0
non_nominal_run_53,0.0,0.0,0.30593773945787467,-0.4727864927984642,5.4591691968869664,1.5928240425530489,0.5616651180142227,4.83045547893981,1.7136836695984488,0.0,0.0,0.0,0.0,0.0
non_nominal_run_54,0.0,0.0,0.34500444042256706,-3.4628524967417578,5.545233090195945,1.8293910025391196,0.7142166533588058,5.5905924965748195,2.2037620509292064,0.0,0.0,0.0,0.0,0.0
non_nominal_run_55,0.0,0.0,0.33803048328911356,-0.34756839234291603,5.50457584215586,1.7522401844653483,0.6856380129024267,5.35773017273853,2.1412477722259973,0.0,0.0,0.0,0.0,0.0
non_nominal_run_56,0.0,0.0,0.17665832374952575,-0.6539900925099453,5.306248516154641,0.9255576270148631,0.18726350202162706,2.7961198040347597,0.5705656801012813,0.0,0.0,0.0,0.0,0.0
non_nominal_run_57,0.0,0.0,0.18681835729225954,0.7325084742125338,5.202859722890128,0.9394905819655595,0.20942997030009436,2.8112992851827387,0.6194602411118815,0.0,0.0,0.0,0.0,0.0
non_nominal_run_58,0.0,0.0,0.4137316101836921,-3.024372981752821,5.727654383873242,2.168465117382205,1.0272112236800879,6.689408840591747,3.226036899402015,0.0,0.0,0.0,0.0,0.0
non_nominal_run_59,0.0,0.0,0.19761681951524102,-0.9391673517343431,5.429367324458415,1.0397142924986933,0.23431927290811247,3.1478251124504064,0.7165478893681476,0.0,0.0,0.0,0.0,0.0
non_nominal_run_60,0.0,0.0,0.21554432262122233,-1.9763741159665043,5.54536914749824,1.092394811046413,0.27879266277186016,3.354416875167349,0.8828076095364978,0.0,0.0,0.0,0.0,0.0
non_nominal_run_61,0.0,0.0,0.17809052544442144,-0.36434140851688857,5.17185565322675,0.9346767503772897,0.1903138583821757,2.8196434466639317,0.576761673199127,0.0,0.0,0.0,0.0,0.0
non_nominal_run_62,0.0,0.0,0.27885510881924375,0.04191811334042417,5.230848775078071,1.4608504343648496,0.4665941623224657,4.417628057615038,1.4139837251551552,0.0,0.0,0.0,0.0,0.0
non_nominal_run_63,0.0,0.0,0.1938655206308371,-0.45541993363045274,5.229884010689408,1.029588384283299,0.2255160761305358,3.1065545919160416,0.6812940694939689,0.0,0.0,0.0,0.0,0.0
non_nominal_run_64,0.0,0.0,0.1481609130889372,-0.2120195775620135,5.260895226463218,0.765344962228313,0.13172375578259796,2.3085990794222027,0.4005277448839497,0.0,0.0,0.0,0.0,0.0
non_nominal_run_65,0.0,0.0,0.15483957411454136,-0.48484239436158383,5.351670488203089,0.8104734480875417,0.1438501930935276,2.448031485206061,0.4383766265395148,0.0,0.0,0.0,0.0,0.0
non_nominal_run_66,0.0,0.0,0.22118011885727887,0.40324950075116284,5.248089840008186,1.1522998764241676,0.29356188750899354,3.457275272517522,0.8748655138508492,0.0,0.0,0.0,0.0,0.0
non_nominal_run_67,0.0,0.0,0.419047108834364,-4.009959849489666,5.760622637884919,2.2107055398787456,1.0537067388144297,6.833105478387823,3.312284792504257,0.0,0.0,0.0,0.0,0.0
non_nominal_run_68,0.0,0.0,0.4778701804724179,-5.136348173117309,5.681735828159419,2.5489832442207145,1.3703586147578704,7.8812950400304995,4.297232839956183,0.0,0.0,0.0,0.0,0.0
non_nominal_run_69,0.0,0.0,0.2042875946942015,0.7542496242022247,4.949084908331823,1.0159032392445657,0.2503933000977163,3.136233215879864,0.7883874868015484,0.0,0.0,0.0,0.0,0.0
non_nominal_run_70,0.0,0.0,0.3290904141707553,-0.9574478432330711,5.437692208186333,1.7432770687694816,0.6498996405198005,5.279275344828869,1.9680294473295517,0.0,0.0,0.0,0.0,0.0
non_nominal_run_71,0.0,0.0,0.17381208120023592,0.7910227761813331,5.106222757778308,0.8775277652865481,0.18128614081570388,2.631271609522791,0.5394187636842416,0.0,0.0,0.0,0.0,0.0
non_nominal_run_72,0.0,0.0,0.43192318540361824,-3.709028651109648,5.665928818724201,2.266927542129621,1.1195314246308805,7.00733907806218,3.5305496926647946,0.0,0.0,0.0,0.0,0.0
non_nominal_run_73,0.0,0.0,0.2445758366254827,0.5559512467720109,5.309241713822099,1.2125265666197695,0.35893557716325697,3.764704259291432,1.135500056852726,0.0,0.0,0.0,0.0,0.0
non_nominal_run_74,0.0,0.0,0.4624816744962154,-4.225541340716252,5.665652542908995,2.443335281815564,1.283530770286848,7.577675579342454,4.0578348830731485,0.0,0.0,0.0,0.0,0.0
non_nominal_run_75,0.0,0.0,0.3834335529420794,-1.218193833420818,5.536453474752054,2.024369301023079,0.8822666335751648,6.204428228094093,2.744738226856967,0.0,0.0,0.0,0.0,0.0
non_nominal_run_76,0.0,0.0,0.2240268413994683,0.5920561501291095,5.273983110039838,1.1164043569624051,0.3011591462039596,3.3848919881945534,0.9159758804882971,0.0,0.0,0.0,0.0,0.0
non_nominal_run_77,0.0,0.0,0.2645254911143044,0.20727235783649423,5.316016728860653,1.3463235585386357,0.41988975618942015,4.107381912245361,1.303478087304025,0.0,0.0,0.0,0.0,0.0
non_nominal_run_78,0.0,0.0,0.19120113327224364,-0.8772487636657305,5.409411443402904,1.0043741624573261,0.21935358958343223,3.0396635335925106,0.670623624996356,0.0,0.0,0.0,0.0,0.0
non_nominal_run_79,0.0,0.0,0.3481962624302684,-1.1218339543590945,5.619298994916935,1.7702516839579476,0.7275254746288461,5.459923503999105,2.312701253640089,0.0,0.0,0.0,0.0,0.0
non_nominal_run_80,0.0,0.0,0.2890510316317183,-1.3043363757990454,5.440855348145323,1.541898871047753,0.5013229135180817,4.690063721886803,1.531797709385861,0.0,0.0,0.0,0.0,0.0
non_nominal_run_81,0.0,0.0,0.15196032539203752,-0.1183989173730815,5.157072455531541,0.8045626422288181,0.13856171218403862,2.4244202272016793,0.4188649657960176,0.0,0.0,0.0,0.0,0.0
non_nominal_run_82,0.0,0.0,0.17633920940982964,0.7287260819504119,5.242882839766294,0.8984744264016751,0.18659838541989482,2.685015198998973,0.550243782693042,0.0,0.0,0.0,0.0,0.0
non_nominal_run_83,0.0,0.0,0.1796838163988818,0.662792122864068,5.257744082636345,0.928738687779606,0.19374160747134006,2.77509078837675,0.5707620630852469,0.0,0.0,0.0,0.0,0.0
non_nominal_run_84,0.0,0.0,0.24248974034964974,0.593008983835474,5.274068329406365,1.2054297296899423,0.35285247205596004,3.757239948516495,1.1248037103490374,0.0,0.0,0.0,0.0,0.0
non_nominal_run_85,0.0,0.0,0.2066390931458286,0.6271561603686515,5.279086221406343,1.042111061460048,0.256231266370741,3.129045485296647,0.7642654064550816,0.0,0.0,0.0,0.0,0.0
non_nominal_run_86,0.0,0.0,0.4219682390017095,-2.7797963158020487,5.665356177010503,2.2338328262426463,1.068485833420814,6.908588576761057,3.367360500283394,0.0,0.0,0.0,0.0,0.0
non_nominal_run_87,0.0,0.0,0.2069365909009445,-1.136968356278349,5.35154534547401,1.05742709461526,0.2569767399596832,3.2304173921948767,0.8031513676429081,0.0,0.0,0.0,0.0,0.0
non_nominal_run_88,0.0,0.0,0.1624616671370816,0.8679421018529138,5.132564516278828,0.8084724727769101,0.158385383448036,2.4265682573928187,0.4726906473825148,0.0,0.0,0.0,0.0,0.0
non_nominal_run_89,0.0,0.0,0.37916498095857093,-1.9554033334502274,5.589399986107816,2.0090576674581575,0.8627377553370104,6.128081879211881,2.650314388265178,0.0,0.0,0.0,0.0,0.0
non_nominal_run_90,0.0,0.0,0.21709858747776073,0.761208919321286,5.1890085463825235,1.0746295271023534,0.2828271895511417,3.335949870465905,0.8898281645565491,0.0,0.0,0.0,0.0,0.0
non_nominal_run_91,0.0,0.0,0.4295094476790547,-3.196465763779381,5.738573156582076,2.2744362278563264,1.1069992370738508,7.032904121668939,3.4837972490415545,0.0,0.0,0.0,0.0,0.0
non_nominal_run_92,0.0,0.0,0.2729950110300848,-0.14817385296117713,5.3668705862760975,1.4353079908949837,0.44722043819185753,4.326095197513023,1.345448312308337,0.0,0.0,0.0,0.0,0.0
non_nominal_run_93,0.0,0.0,0.17346681262100866,-1.0739066084760078,5.479066362980545,0.8949702116968958,0.18054954923647196,2.7075325144177924,0.5498366544042752,0.0,0.0,0.0,0.0,0.0
non_nominal_run_94,0.0,0.0,0.26409126515635206,0.6172214438343423,5.162284416960604,1.28327321811999,0.418411616140969,3.96843852183207,1.3697229319649133,0.0,0.0,0.0,0.0,0.0
non_nominal_run_95,0.0,0.0,0.21618237205440502,0.5605221664520555,5.224888248926756,1.0950868333697708,0.28044410795728875,3.303009203818629,0.8470257526372899,0.0,0.0,0.0,0.0,0.0
non_nominal_run_96,0.0,0.0,0.4112723252841228,-2.9208785674157984,5.685883065496288,2.1768166776451747,1.0149871485445232,6.723331814361546,3.1871496363737317,0.0,0.0,0.0,0.0,0.0
non_nominal_run_97,0.0,0.0,0.20620763384850113,-0.38637493806845136,5.317554094310747,1.1027256373066394,0.2551375299801717,3.3296680765916626,0.7698701377382486,0.0,0.0,0.0,0.0,0.0
non_nominal_run_98,0.0,0.0,0.45933110760378143,-3.0226250184014765,5.574501661364293,2.431007535346643,1.2661213825392068,7.520038673109132,3.9850325047897197,0.0,0.0,0.0,0.0,0.0
non_nominal_run_99,0.0,0.0,0.18307280600561418,0.7632119055970112,5.122551121519271,0.9210060091967205,0.20111927582424768,2.7686760106128903,0.6022185137514238,0.0,0.0,0.0,0.0,0.0
