scenario,metric,comparison,median_target,median_baseline,wilcoxon_statistic,wilcoxon_p,p_holm,stars,rank_biserial_r,n_pairs,friedman_p_omnibus,significant
Resting (tau_v=0),TPSR [%],EADRC+ZPLP vs EADRC+EBMFLC,70.21493902247647,69.36585780307382,1106.0,1.0756754070527943e-06,2.1513508141055885e-06,***,0.561980198019802,100,1.2074247100408858e-58,True
Resting (tau_v=0),TPSR [%],EADRC+ZPLP vs DE-PID,70.21493902247647,99.92303948266118,0.0,3.955911608899571e-18,7.120640896019228e-17,***,-1.0,100,1.2074247100408858e-58,True
Resting (tau_v=0),TPSR [%],EADRC+ZPLP vs IMC-PID,70.21493902247647,42.61836701517814,0.0,3.955911608899571e-18,7.120640896019228e-17,***,1.0,100,1.2074247100408858e-58,True
Resting (tau_v=0),R2,EADRC+ZPLP vs EADRC+EBMFLC,0.4895621815599519,0.42923780173140913,981.0,1.114109383253409e-07,3.342328149760227e-07,***,0.6114851485148515,100,1.2074247100408858e-58,True
Resting (tau_v=0),R2,EADRC+ZPLP vs DE-PID,0.4895621815599519,0.9988763490471946,0.0,3.955911608899571e-18,7.120640896019228e-17,***,-1.0,100,1.2074247100408858e-58,True
Resting (tau_v=0),R2,EADRC+ZPLP vs IMC-PID,0.4895621815599519,-0.04906322750214445,0.0,3.955911608899571e-18,7.120640896019228e-17,***,1.0,100,1.2074247100408858e-58,True
Resting (tau_v=0),Entropy [bits],EADRC+ZPLP vs EADRC+EBMFLC,5.170293592139796,5.213384002120437,773.0,1.720344863771297e-09,8.601724318856485e-09,***,-0.6938613861386138,100,3.541430496212171e-58,True
Resting (tau_v=0),Entropy [bits],EADRC+ZPLP vs DE-PID,5.170293592139796,4.82917939200088,9.0,5.190436836991589e-18,7.120640896019228e-17,***,0.9964356435643564,100,3.541430496212171e-58,True
Resting (tau_v=0),Entropy [bits],EADRC+ZPLP vs IMC-PID,5.170293592139796,5.451186484109343,0.0,3.955911608899571e-18,7.120640896019228e-17,***,-1.0,100,3.541430496212171e-58,True
Resting (tau_v=0),IAE [rad x s],EADRC+ZPLP vs EADRC+EBMFLC,0.795256888057621,0.8448715934049701,825.0,5.1135848730406e-09,2.04543394921624e-08,***,-0.6732673267326733,100,3.2376956516712995e-58,True
Resting (tau_v=0),IAE [rad x s],EADRC+ZPLP vs DE-PID,0.795256888057621,0.03348465539519305,0.0,3.955911608899571e-18,7.120640896019228e-17,***,1.0,100,3.2376956516712995e-58,True
Resting (tau_v=0),IAE [rad x s],EADRC+ZPLP vs IMC-PID,0.795256888057621,1.0136782520301442,0.0,3.955911608899571e-18,7.120640896019228e-17,***,-1.0,100,3.2376956516712995e-58,True
Resting (tau_v=0),Power [(Nm)^2],EADRC+ZPLP vs EADRC+EBMFLC,0.37554853479756223,0.4786890406107578,0.0,3.955911608899571e-18,7.120640896019228e-17,***,-1.0,100,4.143184915330838e-49,True
Resting (tau_v=0),Power [(Nm)^2],EADRC+ZPLP vs DE-PID,0.37554853479756223,0.78970903368854,0.0,3.955911608899571e-18,7.120640896019228e-17,***,-1.0,100,4.143184915330838e-49,True
Resting (tau_v=0),Power [(Nm)^2],EADRC+ZPLP vs IMC-PID,0.37554853479756223,0.35150292690851126,2380.0,0.6193033381935384,0.6193033381935384,ns,0.05742574257425743,100,4.143184915330838e-49,False
Resting (tau_v=0),TV [Nm x s],EADRC+ZPLP vs EADRC+EBMFLC,282.99961686394124,310.8256025994206,377.0,1.5383147081614632e-13,9.229888248968779e-13,***,-0.8506930693069307,100,4.87119536351388e-55,True
Resting (tau_v=0),TV [Nm x s],EADRC+ZPLP vs DE-PID,282.99961686394124,408.00566114535894,0.0,3.955911608899571e-18,7.120640896019228e-17,***,-1.0,100,4.87119536351388e-55,True
Resting (tau_v=0),TV [Nm x s],EADRC+ZPLP vs IMC-PID,282.99961686394124,187.96590008592878,0.0,3.955911608899571e-18,7.120640896019228e-17,***,1.0,100,4.87119536351388e-55,True
Deliberate motion (tau_v given by eq.22),TPSR [%],EADRC+ZPLP vs EADRC+EBMFLC,69.74018983526543,68.99785319545276,1011.0,1.9514415911174362e-07,1.9514415911174362e-07,***,0.5996039603960396,100,7.757758117819749e-59,True
Deliberate motion (tau_v given by eq.22),TPSR [%],EADRC+ZPLP vs DE-PID,69.74018983526543,99.92303948266118,0.0,3.955911608899571e-18,7.120640896019228e-17,***,-1.0,100,7.757758117819749e-59,True
Deliberate motion (tau_v given by eq.22),TPSR [%],EADRC+ZPLP vs IMC-PID,69.74018983526543,42.03446500571222,0.0,3.955911608899571e-18,7.120640896019228e-17,***,1.0,100,7.757758117819749e-59,True
Deliberate motion (tau_v given by eq.22),R2,EADRC+ZPLP vs EADRC+EBMFLC,0.5344866688288965,0.47289135463800974,843.0,7.4018456934323906e-09,1.4803691386864781e-08,***,0.6661386138613862,100,7.757758117819749e-59,True
Deliberate motion (tau_v given by eq.22),R2,EADRC+ZPLP vs DE-PID,0.5344866688288965,0.9990084106402621,0.0,3.955911608899571e-18,7.120640896019228e-17,***,-1.0,100,7.757758117819749e-59,True
Deliberate motion (tau_v given by eq.22),R2,EADRC+ZPLP vs IMC-PID,0.5344866688288965,0.04751554968882655,0.0,3.955911608899571e-18,7.120640896019228e-17,***,1.0,100,7.757758117819749e-59,True
Deliberate motion (tau_v given by eq.22),Entropy [bits],EADRC+ZPLP vs EADRC+EBMFLC,5.225660885080623,5.261255611039926,345.0,6.689286543659089e-14,4.013571926195453e-13,***,-0.8633663366336634,100,3.9987984029256915e-60,True
Deliberate motion (tau_v given by eq.22),Entropy [bits],EADRC+ZPLP vs DE-PID,5.225660885080623,4.913235158785335,0.0,3.955911608899571e-18,7.120640896019228e-17,***,1.0,100,3.9987984029256915e-60,True
Deliberate motion (tau_v given by eq.22),Entropy [bits],EADRC+ZPLP vs IMC-PID,5.225660885080623,5.447760709062731,0.0,3.955911608899571e-18,7.120640896019228e-17,***,-1.0,100,3.9987984029256915e-60,True
Deliberate motion (tau_v given by eq.22),IAE [rad x s],EADRC+ZPLP vs EADRC+EBMFLC,0.7996377782808117,0.851447949463153,777.0,1.872791839289436e-09,5.618375517868309e-09,***,-0.6922772277227722,100,7.000678370437564e-58,True
Deliberate motion (tau_v given by eq.22),IAE [rad x s],EADRC+ZPLP vs DE-PID,0.7996377782808117,0.0334846553951931,0.0,3.955911608899571e-18,7.120640896019228e-17,***,1.0,100,7.000678370437564e-58,True
Deliberate motion (tau_v given by eq.22),IAE [rad x s],EADRC+ZPLP vs IMC-PID,0.7996377782808117,1.0190684367962808,0.0,3.955911608899571e-18,7.120640896019228e-17,***,-1.0,100,7.000678370437564e-58,True
Deliberate motion (tau_v given by eq.22),Power [(Nm)^2],EADRC+ZPLP vs EADRC+EBMFLC,0.37797520230615944,0.4913940830777621,0.0,3.955911608899571e-18,7.120640896019228e-17,***,-1.0,100,1.7506258554432197e-51,True
Deliberate motion (tau_v given by eq.22),Power [(Nm)^2],EADRC+ZPLP vs DE-PID,0.37797520230615944,0.7897090336885435,0.0,3.955911608899571e-18,7.120640896019228e-17,***,-1.0,100,1.7506258554432197e-51,True
Deliberate motion (tau_v given by eq.22),Power [(Nm)^2],EADRC+ZPLP vs IMC-PID,0.37797520230615944,0.3836388579307194,754.0,1.146486162219947e-09,4.585944648879788e-09,***,-0.7013861386138613,100,1.7506258554432197e-51,True
Deliberate motion (tau_v given by eq.22),TV [Nm x s],EADRC+ZPLP vs EADRC+EBMFLC,283.85403078888345,312.12740333058304,350.0,7.624843376580777e-14,4.013571926195453e-13,***,-0.8613861386138614,100,2.0599614571990265e-55,True
Deliberate motion (tau_v given by eq.22),TV [Nm x s],EADRC+ZPLP vs DE-PID,283.85403078888345,408.0056611455267,0.0,3.955911608899571e-18,7.120640896019228e-17,***,-1.0,100,2.0599614571990265e-55,True
Deliberate motion (tau_v given by eq.22),TV [Nm x s],EADRC+ZPLP vs IMC-PID,283.85403078888345,188.7226719558218,0.0,3.955911608899571e-18,7.120640896019228e-17,***,1.0,100,2.0599614571990265e-55,True
